<?xml version="1.0" encoding="UTF-8"?>
<beans xmlns="http://www.springframework.org/schema/beans"
       xmlns:xsi="http://www.w3.org/2001/XMLSchema-instance"
       xmlns:jdbc="http://www.springframework.org/schema/jdbc"
       xmlns:jpa="http://www.springframework.org/schema/data/jpa"
       xsi:schemaLocation="http://www.springframework.org/schema/beans http://www.springframework.org/schema/beans/spring-beans.xsd
       http://www.springframework.org/schema/jdbc http://www.springframework.org/schema/jdbc/spring-jdbc.xsd
       http://www.springframework.org/schema/data/jpa http://www.springframework.org/schema/data/jpa/spring-jpa-1.3.xsd">

    <jdbc:embedded-database id="dataSource" >
        <jdbc:script location="classpath:/init.sql" />
    </jdbc:embedded-database>       
      
    <bean id="entityManagerFactory"
          class="org.springframework.orm.jpa.LocalContainerEntityManagerFactoryBean">        
        <property name="persistenceUnitName" value="bankPU"/>
        <property name="dataSource" ref="dataSource"/>
        <property name="packagesToScan" value="jtechlog.springdata" />
        <property name="jpaVendorAdapter">
            <bean class="org.springframework.orm.jpa.vendor.HibernateJpaVendorAdapter">
                <property name="showSql" value="true" />
                <property name="generateDdl" value="false" />
            </bean>
        </property>
    </bean>
    
    <bean id="transactionManager"
          class="org.springframework.orm.jpa.JpaTransactionManager" >
        <property name="entityManagerFactory" ref="entityManagerFactory"/>
        <property name="dataSource" ref="dataSource" />
    </bean>
		
	<jpa:repositories base-package="jtechlog.springdata" />

</beans>